<?xml version="1.0" encoding="UTF-8"?>
<beans xmlns="http://www.springframework.org/schema/beans"
       xmlns:xsi="http://www.w3.org/2001/XMLSchema-instance"
       xmlns:context="http://www.springframework.org/schema/context"
       xmlns:mvc="http://www.springframework.org/schema/mvc"
       xsi:schemaLocation="http://www.springframework.org/schema/beans
       http://www.springframework.org/schema/beans/spring-beans.xsd
       http://www.springframework.org/schema/context
       http://www.springframework.org/schema/context/spring-context.xsd
       http://www.springframework.org/schema/mvc
       http://www.springframework.org/schema/mvc/spring-mvc.xsd">

       <context:component-scan base-package="cn.jiang.garden"/>

       <bean class="org.springframework.web.servlet.view.InternalResourceViewResolver">
              <property name="prefix" value="/page/"/>
              <property name="suffix" value=".jsp"/>
       </bean>
       <bean class="org.springframework.web.servlet.mvc.method.annotation.RequestMappingHandlerAdapter">
              <property name="messageConverters">
                     <list>
                            <bean class="org.springframework.http.converter.json.MappingJackson2HttpMessageConverter"/>
                            <bean class="org.springframework.http.converter.FormHttpMessageConverter"/>
                     </list>
              </property>
       </bean>

       <bean class="org.springframework.web.servlet.mvc.method.annotation.RequestMappingHandlerMapping"/>

       <bean id="multipartResolver" class="org.springframework.web.multipart.commons.CommonsMultipartResolver">
              <property name="defaultEncoding" value="UTF-8"/>
              <!-- 指定所上传文件的总大小不能超过5400000KB。注意maxUploadSize属性的限制不是针对单个文件，而是所有文件的容量之和 -->
              <property name="maxUploadSize" value="5400000"/>
       </bean>

</beans>